{"cameraMode":{"drawMode":0,"name":"Shaded","section":"Shading Mode"},"sceneLighting":false,"audioPlay":false,"sceneViewState":{"m_AlwaysRefresh":false,"showFog":true,"showSkybox":false,"showFlares":true,"showImageEffects":true,"showParticleSystems":true,"showVisualEffectGraphs":true,"m_FxEnabled":true},"in2DMode":false,"pivot":{"x":1.4700000286102296,"y":1.1100000143051148,"z":3.9000000953674318},"rotation":{"x":0.32761114835739138,"y":0.18291562795639039,"z":-0.06480914354324341,"w":0.924674391746521},"size":0.8417956233024597,"orthographic":true}