{"cameraMode":{"drawMode":0,"name":"Shaded","section":"Shading Mode"},"sceneLighting":false,"audioPlay":false,"sceneViewState":{"m_AlwaysRefresh":false,"showFog":false,"showSkybox":false,"showFlares":false,"showImageEffects":false,"showParticleSystems":false,"showVisualEffectGraphs":true,"m_FxEnabled":true},"in2DMode":false,"pivot":{"x":-0.002229750156402588,"y":0.8097836375236511,"z":-0.035005003213882449},"rotation":{"x":0.0005628055660054088,"y":-0.926948070526123,"z":-0.0013904006918892265,"w":-0.37519046664237978},"size":1.3002700805664063,"orthographic":true}