{"cameraMode":{"drawMode":0,"name":"Shaded","section":"Shading Mode"},"sceneLighting":false,"audioPlay":false,"sceneViewState":{"m_AlwaysRefresh":false,"showFog":true,"showSkybox":false,"showFlares":true,"showImageEffects":true,"showParticleSystems":true,"showVisualEffectGraphs":true,"m_FxEnabled":true},"in2DMode":false,"pivot":{"x":-4.204671859741211,"y":5.899081707000732,"z":45.59827423095703},"rotation":{"x":0.0005628055660054088,"y":-0.926948070526123,"z":-0.0013904006918892265,"w":-0.37519046664237978},"size":0.9814398288726807,"orthographic":true}